
insert into fond (id, fond_number, created_timestamp, created_by, updated_timestamp, updated_by)
values(1, '42192365', '372020', '21749506', '5292020', '369871083'),
 (2, '538080760', '1172020', '25373703', '6162020', '551540672'),
 (3, '52389161', '10262019', '437420028', '5162020', '45861101'),
 (4, '489511084', '2102020', '548685416', '11182019', '00692660'),
 (5, '66336085', '12122019', '582320716', '3242020', '64009305'),
 (6, '49349501', '6142020', '10056530', '342020', '675100085'),
 (7, '575200435', '12152019', '55910866', '672020', '369872708'),
 (8, '43063112', '11202019', '636293685', '10182019', '00378110'),
 (9, '06151377', '2172020', '504361334', '7102020', '61666001'),
 (10, '37808922', '10272019', '23594780', '4242020', '594942001'),
 (11, '49483352', '10222019', '649421280', '1162019', '53208449'),
 (12, '52533026', '4152020', '25021400', '1312020', '49999846'),
 (13, '551548281', '852020', '49999439', '7142020', '551542860'),
 (14, '369872548', '9142020', '10237750', '6282020', '50636003'),
 (15, '64720154', '4172020', '67544290', '1082019', '545694700'),
 (16, '49738617', '352020', '21695018', '962020', '762180708'),
 (17, '57501865', '1202020', '596670031', '10272019', '66949207'),
 (18, '55316500', '10132019', '438570110', '5242020', '33261164'),
 (19, '672960602', '1072019', '53041650', '4262020', '76439122'),
 (20, '41520352', '7252020', '16590022', '2222020', '101911941');

insert into company (id, name_ru, name_kaz, name_en, bin, parent_id, fond_id, created_timestamp, created_by, updated_timestamp, updated_by)
values (1, 'Meejo', 'Tanoodle', 'Babbleset', 1, 1, 1, '4142020', '04091632', '972020', '06150532'),
 (2, 'Yabox', 'Podcat', 'Divape', 0, 2, 2, '6112020', '43353754', '3162020', '101571007'),
 (3, 'Demimbu', 'Topicware', 'Rhycero', 1, 3, 3, '4182020', '35356785', '10132019', '24236679'),
 (4, 'Brightbean', 'Dynabox', 'Feedmix', 0, 4, 4, '12232019', '76250641', '8132020', '54949002'),
 (5, 'Abatz', 'Oyonder', 'Muxo', 1, 5, 5, '8112020', '98132903', '5142020', '09046316'),
 (6, 'Gabcube', 'Yakitri', 'Linktype', 0, 6, 6, '5242020', '65862219', '5132020', '68180482'),
 (7, 'Skidoo', 'Flipopia', 'Chatterpoint', 1, 7, 7, '942020', '55289040', '1072019', '52125526'),
 (8, 'Gabcube', 'Youspan', 'Youspan', 1, 8, 8, '12292019', '51346257', '12182019', '369872428'),
 (9, 'Voonix', 'Meezzy', 'Zooxo', 1, 9, 9, '4182020', '53877007', '1222019', '06156576'),
 (10, 'Chatterpoint', 'Yakitri', 'Rhycero', 0, 10, 10, '4302020', '515315393', '9172020', '00780524'),
 (11, 'Tagchat', 'Brainbox', 'Leexo', 1, 11, 11, '12292019', '687889493', '12262019', '01730753'),
 (12, 'Yodel', 'Jayo', 'Gigazoom', 1, 12, 12, '642020', '00780594', '11232019', '07812228'),
 (13, 'Riffpath', 'Katz', 'Blogtag', 0, 13, 13, '5262020', '650442362', '9162020', '108196004'),
 (14, 'Linkbuzz', 'Browsezoom', 'Innojam', 0, 14, 14, '1212020', '00090003', '932020', '01690084'),
 (15, 'Zazio', 'Aimbu', 'Oozz', 0, 15, 15, '8232020', '68647120', '8132020', '118220100'),
 (16, 'Ooba', 'Quatz', 'Kazio', 0, 16, 16, '3302020', '493040003', '5252020', '620110152'),
 (17, 'Thoughtworks', 'Rhycero', 'Livetube', 0, 17, 17, '11152019', '49781051', '882020', '595351031'),
 (18, 'Buzzster', 'Latz', 'Oozz', 1, 18, 18, '1152020', '492880079', '10302019', '63354624'),
 (19, 'Skimia', 'Flashpoint', 'Yamia', 1, 19, 19, '5272020', '01130422', '872020', '68180104'),
 (20, 'Zoozzy', 'Dynabox', 'Jabbertype', 0, 20, 20, '6162020', '55312109', '3112020', '75854314');

insert into companyunit (id, name_ru, name_kaz, name_en, parent_id, year, company_id, code_index, created_timestamp, created_by, updated_timestamp, updated_by) values (1, 'Centimia', 'Topicware', 'Meembee', 1, 1994, 1, '17156235', '662020', '02681527', '822020', '488783100'),
(2, 'Thoughtbridge', 'Youopia', 'Oodoo', 0, 1995, 0, '610160002', '2222020', '30142271', '8142020', '43353882'),
(3, 'Rhyloo', 'Rhycero', 'Miboo', 1, 2009, 0, '10812966', '782020', '575200659', '332020', '54829001'),
(4, 'Izio', 'Meejo', 'Photobean', 1, 2008, 1, '60429145', '1142020', '557770100', '6152020', '581185683'),
(5, 'Thoughtstorm', 'Jazzy', 'Kamba', 1, 1995, 1, '42507255', '9302019', '42508157', '1062019', '52533160'),
(6, 'Centidel', 'Yombu', 'Digitube', 1, 2003, 1, '68113996', '442020', '61703309', '182020', '63783211'),
(7, 'Tagchat', 'Livefish', 'Ooba', 1, 1994, 1, '41250964', '332020', '541187188', '522020', '64679982'),
(8, 'Jaloo', 'Divape', 'Shuffletag', 1, 2006, 1, '369871411', '3122020', '42508147', '12182019', '369872805'),
(9, 'Voonix', 'Gabcube', 'Wordtune', 1, 2003, 1, '440870005', '2182020', '636293376', '7272020', '58479002'),
(10, 'Jetwire', 'Jabberbean', 'Buzzshare', 0, 2005, 0, '11084125', '942020', '579555049', '1132020', '636292844');

insert into nomenclature (id, nomenclature_number, year, nomenclature_summary_id, company_unit_id, created_timestamp, created_by, updated_timestamp, updated_by) values (1, '9', 1993, 1, 1, '5212020', '59630630', '2262020', '41163424');
insert into nomenclature (id, nomenclature_number, year, nomenclature_summary_id, company_unit_id, created_timestamp, created_by, updated_timestamp, updated_by) values (2, '93540', 1998, 1, 1, '652020', '369872728', '1122019', '49999701');
insert into nomenclature (id, nomenclature_number, year, nomenclature_summary_id, company_unit_id, created_timestamp, created_by, updated_timestamp, updated_by) values (3, '706', 1998, 1, 1, '8262020', '548686224', '5152020', '30142379');
insert into nomenclature (id, nomenclature_number, year, nomenclature_summary_id, company_unit_id, created_timestamp, created_by, updated_timestamp, updated_by) values (4, '8899', 1998, 1, 1, '472020', '54748301', '572020', '679380821');
insert into nomenclature (id, nomenclature_number, year, nomenclature_summary_id, company_unit_id, created_timestamp, created_by, updated_timestamp, updated_by) values (5, '0', 1989, 0, 0, '10172019', '492880330', '10142019', '28595300');
insert into nomenclature (id, nomenclature_number, year, nomenclature_summary_id, company_unit_id, created_timestamp, created_by, updated_timestamp, updated_by) values (6, '6870', 2012, 0, 0, '8272020', '31382931', '512020', '64679693');
insert into nomenclature (id, nomenclature_number, year, nomenclature_summary_id, company_unit_id, created_timestamp, created_by, updated_timestamp, updated_by) values (7, '84', 2004, 1, 1, '11232019', '09046204', '722020', '76439207');
insert into nomenclature (id, nomenclature_number, year, nomenclature_summary_id, company_unit_id, created_timestamp, created_by, updated_timestamp, updated_by) values (8, '787', 2009, 1, 0, '1112019', '655172018', '8212020', '650442413');
insert into nomenclature (id, nomenclature_number, year, nomenclature_summary_id, company_unit_id, created_timestamp, created_by, updated_timestamp, updated_by) values (9, '2079', 1992, 0, 0, '10302019', '10544119', '5252020', '02686320');
insert into nomenclature (id, nomenclature_number, year, nomenclature_summary_id, company_unit_id, created_timestamp, created_by, updated_timestamp, updated_by) values (10, '331', 1988, 0, 1, '562020', '00937241', '712020', '538080674');


insert into nomenclature_summary (id, number, year, company_unit_id, created_timestamp, created_by, updated_timestamp, updated_by) values (1, '55', 1994, 0, '11242019', '53163103', '3182020', '57344139');
insert into nomenclature_summary (id, number, year, company_unit_id, created_timestamp, created_by, updated_timestamp, updated_by) values (2, '1443', 2007, 1, '522020', '00199068', '10252019', '649421102');
insert into nomenclature_summary (id, number, year, company_unit_id, created_timestamp, created_by, updated_timestamp, updated_by) values (3, '86032', 2003, 0, '922020', '37808552', '12272019', '57319307');
insert into nomenclature_summary (id, number, year, company_unit_id, created_timestamp, created_by, updated_timestamp, updated_by) values (4, '526', 1986, 0, '1072019', '62440370', '1312020', '67546212');
insert into nomenclature_summary (id, number, year, company_unit_id, created_timestamp, created_by, updated_timestamp, updated_by) values (5, '0', 2000, 1, '7192020', '606811806', '2132020', '06990957');
insert into nomenclature_summary (id, number, year, company_unit_id, created_timestamp, created_by, updated_timestamp, updated_by) values (6, '2580', 2012, 1, '372020', '68308250', '5152020', '68400312');
insert into nomenclature_summary (id, number, year, company_unit_id, created_timestamp, created_by, updated_timestamp, updated_by) values (7, '1719', 2006, 1, '4142020', '369871301', '10182019', '65437041');
insert into nomenclature_summary (id, number, year, company_unit_id, created_timestamp, created_by, updated_timestamp, updated_by) values (8, '14484', 2013, 0, '9172020', '05170830', '5282020', '369871708');
insert into nomenclature_summary (id, number, year, company_unit_id, created_timestamp, created_by, updated_timestamp, updated_by) values (9, '56257', 2002, 0, '1232020', '11748010', '4272020', '23635412');
insert into nomenclature_summary (id, number, year, company_unit_id, created_timestamp, created_by, updated_timestamp, updated_by) values (10, '48', 2002, 1, '552020', '51811066', '7272020', '339920293');

insert into record (id, record_number, type, company_unit_id, created_timestamp, created_by, updated_timestamp, updated_by) values (1, '3', 'switch', 1, '12112019', '59779459', '1022019', '65162305');
insert into record (id, record_number, type, company_unit_id, created_timestamp, created_by, updated_timestamp, updated_by) values (2, '746', 'jcb', 1, '3222020', '115237054', '232020', '41250677');
insert into record (id, record_number, type, company_unit_id, created_timestamp, created_by, updated_timestamp, updated_by) values (3, '6130', 'mastercard', 0, '10192019', '63029603', '6252020', '00063603');
insert into record (id, record_number, type, company_unit_id, created_timestamp, created_by, updated_timestamp, updated_by) values (4, '40', 'instapayment', 0, '8112020', '57896941', '4182020', '55289653');
insert into record (id, record_number, type, company_unit_id, created_timestamp, created_by, updated_timestamp, updated_by) values (5, '9', 'dinersclubinternational', 1, '7142020', '649421127', '11192019', '00712418');
insert into record (id, record_number, type, company_unit_id, created_timestamp, created_by, updated_timestamp, updated_by) values (6, '6', 'jcb', 1, '1052019', '599100001', '5232020', '07813655');
insert into record (id, record_number, type, company_unit_id, created_timestamp, created_by, updated_timestamp, updated_by) values (7, '86470', 'visa', 1, '5222020', '63730204', '12192019', '492880628');
insert into record (id, record_number, type, company_unit_id, created_timestamp, created_by, updated_timestamp, updated_by) values (8, '3', 'bankcard', 1, '282020', '42806057', '6112020', '619570202');
insert into record (id, record_number, type, company_unit_id, created_timestamp, created_by, updated_timestamp, updated_by) values (9, '7', 'jcb', 0, '7102020', '176302037', '2132020', '68382247');
insert into record (id, record_number, type, company_unit_id, created_timestamp, created_by, updated_timestamp, updated_by) values (10, '310', 'jcb', 0, '8132020', '495800408', '522020', '536451140');

insert into users (id, auth_id, name, fullname, surname, secondname, status, company_unit_id, password, last_login_timestamp, iin, is_active, is_activated, created_timestamp, created_by, updated_timestamp, updated_by) values (1, 0, 'Tanya', 'Tanya Doyland', 'Wason', 'Doyland', 'Chief Design Engineer', 1, '6HvUEZJ6ht', '422020', '00937336', true, true, '7142020', '51346058', '912020', '67877124');
insert into users (id, auth_id, name, fullname, surname, secondname, status, company_unit_id, password, last_login_timestamp, iin, is_active, is_activated, created_timestamp, created_by, updated_timestamp, updated_by) values (2, 0, 'Fayth', 'Fayth Filippone', 'Laurisch', 'Filippone', 'Sales Representative', 1, 'KWhW36FT', '242020', '07815514', true, false, '2122020', '369872269', '5102020', '51346002');
insert into users (id, auth_id, name, fullname, surname, secondname, status, company_unit_id, password, last_login_timestamp, iin, is_active, is_activated, created_timestamp, created_by, updated_timestamp, updated_by) values (3, 0, 'Emmery', 'Emmery Dicken', 'Odell', 'Dicken', 'Legal Assistant', 1, 'Y0hMSoxDz', '12182019', '504363897', true, false, '4212020', '37000835', '5222020', '64117733');
insert into users (id, auth_id, name, fullname, surname, secondname, status, company_unit_id, password, last_login_timestamp, iin, is_active, is_activated, created_timestamp, created_by, updated_timestamp, updated_by) values (4, 1, 'Kathie', 'Kathie Gerrey', 'Whitty', 'Gerrey', 'Sales Associate', 1, 'j9cQqj9dJo', '622020', '05551054', false, true, '6212020', '64117175', '12202019', '27437110');
insert into users (id, auth_id, name, fullname, surname, secondname, status, company_unit_id, password, last_login_timestamp, iin, is_active, is_activated, created_timestamp, created_by, updated_timestamp, updated_by) values (5, 0, 'Shirlee', 'Shirlee Ding', 'Steggles', 'Ding', 'Senior Developer', 1, 'jfZimy', '8122020', '369873421', false, false, '10182019', '01875200', '6172020', '01680333');
insert into users (id, auth_id, name, fullname, surname, secondname, status, company_unit_id, password, last_login_timestamp, iin, is_active, is_activated, created_timestamp, created_by, updated_timestamp, updated_by) values (6, 1, 'Nicki', 'Nicki Sandifer', 'Packham', 'Sandifer', 'Senior Sales Associate', 1, '9PMBEd', '432020', '05730187', false, true, '8292020', '682587096', '3262020', '42508158');
insert into users (id, auth_id, name, fullname, surname, secondname, status, company_unit_id, password, last_login_timestamp, iin, is_active, is_activated, created_timestamp, created_by, updated_timestamp, updated_by) values (7, 0, 'Hedvige', 'Hedvige Sinclar', 'Vineall', 'Sinclar', 'Legal Assistant', 1, 'DEivLi', '172020', '504363800', true, true, '8242020', '61727302', '12102019', '56062160');
insert into users (id, auth_id, name, fullname, surname, secondname, status, company_unit_id, password, last_login_timestamp, iin, is_active, is_activated, created_timestamp, created_by, updated_timestamp, updated_by) values (8, 0, 'Marline', 'Marline Wharin', 'Tirte', 'Wharin', 'Food Chemist', 1, 'Tk1IRPTXsJDd', '10272019', '52125534', true, true, '2232020', '51335001', '11252019', '579550723');
insert into users (id, auth_id, name, fullname, surname, secondname, status, company_unit_id, password, last_login_timestamp, iin, is_active, is_activated, created_timestamp, created_by, updated_timestamp, updated_by) values (9, 1, 'Willi', 'Willi Mallord', 'Laycock', 'Mallord', 'Media Manager III', 1, 'dBJ5qQCNTD8', '1292019', '49349712', true, false, '262020', '02681510', '632020', '36800959');
insert into users (id, auth_id, name, fullname, surname, secondname, status, company_unit_id, password, last_login_timestamp, iin, is_active, is_activated, created_timestamp, created_by, updated_timestamp, updated_by) values (10, 1, 'Victoir', 'Victoir Aimable', 'Shucksmith', 'Aimable', 'Staff Scientist', 0, 'CmpCheHBEK', '12152019', '14783100', true, false, '2192020', '51143002', '8312020', '492880026');

insert into "case" (id, auth_id, case_num, house_num , case_header_rus, case_header_kaz, case_header_en, start_data, end_data, page_num, eds_signature_flag, eds_signiture, naf_sending_sign, deleting_sign, engaged_access_flag, hash, version, version_id, notes, location_id, case_index_id, destruction_act_id, register_id, structure_unit_id, blockchain_case_address, blockchain_add_data, created_timestamp, created_by, updated_timestamp, updated_by) values (1, 1, 1, 1, 'Vulture, bengal', 'Sacred ibis', 'Stork, saddlebilled', '1222019', '11222019', 0, false, 'Foxtrot Papa Xray Delta Echo Lima Alfa Zulu Bravo Victor India November Golf Yankee Charlie Oscar', true, true, true, '#f9d9e9', '68094614', 1, 'cbc.ca', 0, 0, 0, 0, 0, '55698 Mcguire Terrace', 1, '2172020', '13533685', '942020', '107426754');
insert into "case" (id, auth_id, case_num, house_num , case_header_rus, case_header_kaz, case_header_en, start_data, end_data, page_num, eds_signature_flag, eds_signiture, naf_sending_sign, deleting_sign, engaged_access_flag, hash, version, version_id, notes, location_id, case_index_id, destruction_act_id, register_id, structure_unit_id, blockchain_case_address, blockchain_add_data, created_timestamp, created_by, updated_timestamp, updated_by) values (2, 0, 0, 1, 'Possum, pygmy', 'Argalis', 'Asian water dragon', '782020', '8132020', 0, true, 'Uniform Delta Zulu Oscar Mike Sierra Bravo Kilo Hotel Golf', true, true, false, '#478ba7', '58194018', 0, 'foxnews.com', 1, 1, 0, 0, 0, '4116 Killdeer Terrace', 1, '2242020', '45963460', '3102020', '369872629');
insert into "case" (id, auth_id, case_num, house_num , case_header_rus, case_header_kaz, case_header_en, start_data, end_data, page_num, eds_signature_flag, eds_signiture, naf_sending_sign, deleting_sign, engaged_access_flag, hash, version, version_id, notes, location_id, case_index_id, destruction_act_id, register_id, structure_unit_id, blockchain_case_address, blockchain_add_data, created_timestamp, created_by, updated_timestamp, updated_by) values (3, 1, 0, 0, 'Javanese cormorant', 'Mara', 'Hartebeest, red', '4282020', '342020', 1, false, 'Delta Victor Kilo Whiskey Juliett Foxtrot Yankee Oscar Uniform November Bravo Sierra Tango Hotel Echo', true, true, false, '#6e57e5', '36000070', 0, 'nymag.com', 0, 0, 1, 0, 1, '9682 Fieldstone Way', 1, '1222019', '21695853', '1302020', '64058211');
insert into "case" (id, auth_id, case_num, house_num , case_header_rus, case_header_kaz, case_header_en, start_data, end_data, page_num, eds_signature_flag, eds_signiture, naf_sending_sign, deleting_sign, engaged_access_flag, hash, version, version_id, notes, location_id, case_index_id, destruction_act_id, register_id, structure_unit_id, blockchain_case_address, blockchain_add_data, created_timestamp, created_by, updated_timestamp, updated_by) values (4, 1, 1, 0, 'Blue peacock', 'King cormorant', 'Blackthroated cardinal', '912020', '2202020', 0, false, 'Uniform Golf Xray Bravo India Foxtrot Yankee Sierra Juliett Zulu Lima Kilo Papa', true, true, true, '#7378ca', '504366338', 0, 'reddit.com', 1, 1, 0, 0, 0, '1 Becker Alley', 0, '11172019', '590621381', '11172019', '63868209');
insert into "case" (id, auth_id, case_num, house_num , case_header_rus, case_header_kaz, case_header_en, start_data, end_data, page_num, eds_signature_flag, eds_signiture, naf_sending_sign, deleting_sign, engaged_access_flag, hash, version, version_id, notes, location_id, case_index_id, destruction_act_id, register_id, structure_unit_id, blockchain_case_address, blockchain_add_data, created_timestamp, created_by, updated_timestamp, updated_by) values (5, 0, 0, 0, 'Whitethroated monitor', 'Saddlebilled stork', 'Bush dog', '3122020', '7162020', 0, true, 'Juliett Tango Victor Golf Hotel Foxtrot Uniform India Oscar Echo Kilo Papa November Whiskey Romeo Mike Charlie Lima Yankee Delta', false, true, true, '#ddcb13', '548684556', 0, 'wordpress.org', 1, 0, 0, 0, 0, '3308 Bayside Pass', 0, '11172019', '545690023', '252020', '369872392');
insert into "case" (id, auth_id, case_num, house_num , case_header_rus, case_header_kaz, case_header_en, start_data, end_data, page_num, eds_signature_flag, eds_signiture, naf_sending_sign, deleting_sign, engaged_access_flag, hash, version, version_id, notes, location_id, case_index_id, destruction_act_id, register_id, structure_unit_id, blockchain_case_address, blockchain_add_data, created_timestamp, created_by, updated_timestamp, updated_by) values (6, 0, 0, 0, 'Blackcheeked waxbill', 'Tinamou, elegant crested', 'Butterfly, canadian tiger swallowtail', '8312020', '952020', 0, false, 'Hotel Yankee Whiskey Zulu November Xray Tango Romeo Echo Golf Lima Papa Victor Delta Alfa', false, false, true, '#32753e', '61786041', 1, 'paypal.com', 0, 1, 0, 1, 1, '220 Grim Parkway', 1, '4122020', '495803414', '10242019', '52125721');
insert into "case" (id, auth_id, case_num, house_num , case_header_rus, case_header_kaz, case_header_en, start_data, end_data, page_num, eds_signature_flag, eds_signiture, naf_sending_sign, deleting_sign, engaged_access_flag, hash, version, version_id, notes, location_id, case_index_id, destruction_act_id, register_id, structure_unit_id, blockchain_case_address, blockchain_add_data, created_timestamp, created_by, updated_timestamp, updated_by) values (7, 1, 1, 1, 'Sage grouse', 'Cape Barren goose', 'Boar, wild', '4222020', '12202019', 1, false, 'Oscar Tango Charlie Juliett Hotel Sierra Whiskey Victor Mike Golf Yankee Lima', true, true, false, '#0960c3', '01680078', 1, 'businesswire.com', 1, 1, 0, 1, 0, '70257 Memorial Road', 1, '472020', '551544028', '5152020', '02681515');
insert into "case" (id, auth_id, case_num, house_num , case_header_rus, case_header_kaz, case_header_en, start_data, end_data, page_num, eds_signature_flag, eds_signiture, naf_sending_sign, deleting_sign, engaged_access_flag, hash, version, version_id, notes, location_id, case_index_id, destruction_act_id, register_id, structure_unit_id, blockchain_case_address, blockchain_add_data, created_timestamp, created_by, updated_timestamp, updated_by) values (8, 1, 1, 1, 'Common duiker', 'Barefaced go away bird', 'Pacific gull', '9272019', '6292020', 1, false, 'Echo Kilo Juliett Papa Uniform Zulu Yankee Tango Romeo Xray Delta Hotel Whiskey Sierra Quebec Alfa Bravo Victor November', false, true, true, '#9dbbe7', '62756521', 1, 'tamu.edu', 0, 0, 1, 1, 0, '68617 Hovde Street', 1, '3272020', '54473187', '11142019', '51079957');
insert into "case" (id, auth_id, case_num, house_num , case_header_rus, case_header_kaz, case_header_en, start_data, end_data, page_num, eds_signature_flag, eds_signiture, naf_sending_sign, deleting_sign, engaged_access_flag, hash, version, version_id, notes, location_id, case_index_id, destruction_act_id, register_id, structure_unit_id, blockchain_case_address, blockchain_add_data, created_timestamp, created_by, updated_timestamp, updated_by) values (9, 0, 0, 1, 'Kori bustard', 'Japanese macaque', 'Stork, greater adjutant', '5212020', '5212020', 0, true, 'Golf Papa Zulu Echo Juliett Quebec India Charlie Tango Bravo Sierra Whiskey Uniform Yankee Foxtrot Hotel Victor Lima November Delta', false, false, false, '#dd631d', '369872383', 1, 'reddit.com', 0, 0, 0, 1, 0, '2 Melvin Terrace', 1, '11292019', '13733070', '3222020', '00041100');
insert into "case" (id, auth_id, case_num, house_num , case_header_rus, case_header_kaz, case_header_en, start_data, end_data, page_num, eds_signature_flag, eds_signiture, naf_sending_sign, deleting_sign, engaged_access_flag, hash, version, version_id, notes, location_id, case_index_id, destruction_act_id, register_id, structure_unit_id, blockchain_case_address, blockchain_add_data, created_timestamp, created_by, updated_timestamp, updated_by) values (10, 1, 0, 1, 'Colobus, magistrate black', 'Genoveva', 'Cape clawless otter', '462020', '512020', 0, false, 'Kilo Hotel Echo Romeo Oscar Bravo Yankee Lima Charlie Papa Whiskey November', false, true, false, '#971932', '687889802', 0, 'zimbio.com', 0, 1, 0, 1, 1, '9 Ridge Oak Circle', 0, '10102019', '01790048', '11102019', '596670109');

insert into catalog (id, name_rus, name_kaz, name_en, parent_Id, company_unit_id, created_timestamp, created_by, updated_timestamp, updated_by) values (1, 'Ximenez', 'Clem', 'Matthias', 1, 1, '212020', '118220549', '5142020', '58737111');
insert into catalog (id, name_rus, name_kaz, name_en, parent_Id, company_unit_id, created_timestamp, created_by, updated_timestamp, updated_by) values (2, 'Dorie', 'Nealson', 'Douglass', 0, 0, '732020', '49999869', '12202019', '76282271');
insert into catalog (id, name_rus, name_kaz, name_en, parent_Id, company_unit_id, created_timestamp, created_by, updated_timestamp, updated_by) values (3, 'Ruthann', 'Gerladina', 'Milzie', 1, 1, '2222020', '55312463', '1042019', '52959731');
insert into catalog (id, name_rus, name_kaz, name_en, parent_Id, company_unit_id, created_timestamp, created_by, updated_timestamp, updated_by) values (4, 'Con', 'Dorella', 'Carver', 0, 1, '932020', '545693265', '1182019', '605121047');
insert into catalog (id, name_rus, name_kaz, name_en, parent_Id, company_unit_id, created_timestamp, created_by, updated_timestamp, updated_by) values (5, 'Janeen', 'Stephani', 'Roanne', 0, 1, '5212020', '07813095', '472020', '33261012');

insert into file (id, name, type, size, page_count, hash, is_deleted, file_binary_id, created_timestamp, created_by, updated_timestamp, updated_by) values (1, 'Emilie', 'applicationvnd.msexcel', 13, 1, 'imagepjpeg', false, 1, '1112019', '05170746', '6292020', '53877008');
insert into file (id, name, type, size, page_count, hash, is_deleted, file_binary_id, created_timestamp, created_by, updated_timestamp, updated_by) values (2, 'Ericha', 'applicationexcel', 27, 0, 'applicationexcel', false, 1, '5262020', '30142916', '882020', '557142227');
insert into file (id, name, type, size, page_count, hash, is_deleted, file_binary_id, created_timestamp, created_by, updated_timestamp, updated_by) values (3, 'Pamelina', 'imagepng', 64, 1, 'applicationpowerpoint', true, 1, '5242020', '07039040', '1272020', '35356064');
insert into file (id, name, type, size, page_count, hash, is_deleted, file_binary_id, created_timestamp, created_by, updated_timestamp, updated_by) values (4, 'Levon', 'videompeg', 61, 1, 'applicationvnd.mspowerpoint', true, 0, '5162020', '01210775', '10202019', '65862525');
insert into file (id, name, type, size, page_count, hash, is_deleted, file_binary_id, created_timestamp, created_by, updated_timestamp, updated_by) values (5, 'Alta', 'applicationvnd.mspowerpoint', 30, 1, 'imagextiff', false, 0, '9132020', '03780215', '5132020', '00694037');
